Title,Date,URL,Content
Top Data Science Conferences for 2024 - DataCamp,"June 17-19, 2024",https://www.datacamp.com/blog/top-data-science-conferences-for-2022,"World Conference on Data Science & Statistics. Dates: June 17-19, 2024; Location: Amsterdam, Netherlands; Cost: $499-$899 depending on timing and job or student."
AI and Data Science Events in the US in 2024 - A Comprehensive List,2024,https://aimresearch.co/recognitions-lists/ai-and-data-science-events-in-the-us-in-2024-a-comprehensive-list,"Explore our continuously updated list of 2024's top AI, Big Data, Data Science, and Machine Learning events across the US, and submit your event."
Summer Conference on Applied Data Science,"June 3 to July 26, 2024",https://ncsu-las.org/scads/,"Raleigh, NC. The LAS Summer Conference on Applied Data Science (SCADS) is an annual immersive collaboration experience."
Top Data Conferences in United States 2024 & 2025 | DataEvents.co,"July 11-12, 2024",https://dataevents.co/all/north_america/usa,"2024 DataConnect Conference · 11 - 12 Jul, 2024 Columbus, United States ; DATACONNECT CONFERENCE 2024."
"Data, Analytics, & AI Events 2024 (United States Edition) - LinkedIn","June 25-27, 2024",https://www.linkedin.com/pulse/data-analytics-ai-events-2024-united-states-edition-kate-strachnyi-3rhre,"Website: https://www.ai.engineer/worldsfair, Cost: $0 (remote) $199 - $1499, Who attends?: Founders, VPs, Software."
12 Conferences Data Scientists Should Attend in 2023 and 2024,2023-2024,https://conferencetrack.io/blog/data-science-conferences,"AIIoT 2024 · Hybrid · May 03-04, 2024 ; CDAO Government · Washington D.C. · September 17-19."
Data Science and Machine Learning conferences to attend in 2024,2024,https://www.evidentlyai.com/blog/ml-conferences,"DataCouncil, MLconf, PyDATA, ODSC, TMLS Summit, Data + AI Summit."
The Biggest Data Science And Analytics Conferences In 2024,"June 10-13, 2024",https://dataanalysis.substack.com/p/the-biggest-data-science-and-analytics-events,"Databricks Data and AI Summit 2024. The premier event for the global data, analytics, and AI community returns to San Francisco on June 10-13."
Top Tech Conferences in July 2024 - Spiceworks,July 2024,https://www.spiceworks.com/tech/tech-general/articles/top-tech-conferences-in-july-2024/,"The conferences and events in July offer diverse experiences catering to various interests, from data science to cybersecurity and AI."
